Nombre,Contrato 2024,Equipo 2024,Contrato 2023,Equipo 2023,Contrato 2022,Equipo 2022,Contrato 2021,Equipo 2021,Contrato 2020,Equipo 2020,RANK 2024,PLAYER 2024,TEAM 2024,AGE 2024,GP 2024,W 2024,L 2024,MIN 2024,PTS 2024,FGM 2024,FGA 2024,FG% 2024,3PM 2024,3PA 2024,3P% 2024,FTM 2024,FTA 2024,FT% 2024,OREB 2024,DREB 2024,REB 2024,AST 2024,TOV 2024,STL 2024,BLK 2024,PF 2024,FP 2024,DD2 2024,TD3 2024,+/- 2024,RANK 2023,PLAYER 2023,TEAM 2023,AGE 2023,GP 2023,W 2023,L 2023,MIN 2023,PTS 2023,FGM 2023,FGA 2023,FG% 2023,3PM 2023,3PA 2023,3P% 2023,FTM 2023,FTA 2023,FT% 2023,OREB 2023,DREB 2023,REB 2023,AST 2023,TOV 2023,STL 2023,BLK 2023,PF 2023,FP 2023,DD2 2023,TD3 2023,+/- 2023,RANK 2022,PLAYER 2022,TEAM 2022,AGE 2022,GP 2022,W 2022,L 2022,MIN 2022,PTS 2022,FGM 2022,FGA 2022,FG% 2022,3PM 2022,3PA 2022,3P% 2022,FTM 2022,FTA 2022,FT% 2022,OREB 2022,DREB 2022,REB 2022,AST 2022,TOV 2022,STL 2022,BLK 2022,PF 2022,FP 2022,DD2 2022,TD3 2022,+/- 2022,RANK 2021,PLAYER 2021,TEAM 2021,AGE 2021,GP 2021,W 2021,L 2021,MIN 2021,PTS 2021,FGM 2021,FGA 2021,FG% 2021,3PM 2021,3PA 2021,3P% 2021,FTM 2021,FTA 2021,FT% 2021,OREB 2021,DREB 2021,REB 2021,AST 2021,TOV 2021,STL 2021,BLK 2021,PF 2021,FP 2021,DD2 2021,TD3 2021,+/- 2021,RANK 2020,PLAYER 2020,TEAM 2020,AGE 2020,GP 2020,W 2020,L 2020,MIN 2020,PTS 2020,FGM 2020,FGA 2020,FG% 2020,3PM 2020,3PA 2020,3P% 2020,FTM 2020,FTA 2020,FT% 2020,OREB 2020,DREB 2020,REB 2020,AST 2020,TOV 2020,STL 2020,BLK 2020,PF 2020,FP 2020,DD2 2020,TD3 2020,+/- 2020
NATASHA HOWARD,898700.0,DAL,898700.0,DAL,898700.0,NY,898700.0,NY,345000.0,SEA,13,NATASHA HOWARD,DAL,33,27,7,20,30.5,17.6,6.9,15.2,45.6,0.4,2.0,20.0,3.3,4.6,71.8,2.0,4.8,6.7,2.9,2.8,1.3,0.8,3.1,31.7,4,0,-5.6,18,NATASHA HOWARD,DAL,32,39,21,18,33.0,16.5,6.3,13.8,45.8,1.0,3.3,29.9,2.8,3.5,81.5,2.2,5.9,8.0,2.6,2.8,1.3,1.2,3.6,32.9,12,1,2.9,16,NATASHA HOWARD,NYL,31,35,16,19,29.9,15.1,5.9,12.2,48.2,0.9,2.6,32.6,2.5,3.5,71.5,2.0,5.3,7.3,2.3,3.2,1.3,1.0,3.1,30.2,10,0,-0.7,14,NATASHA HOWARD,NYL,30,13,4,9,27.5,16.2,6.7,13.5,49.4,0.9,2.8,33.3,1.8,2.4,77.4,2.2,5.1,7.2,1.7,3.8,1.3,0.5,2.9,29.7,4,0,-5.3,,,,,,,,,,,,,,,,,,,,,,,,,,,,,,
ALYSSA THOMAS,836000.0,CON,836000.0,CON,836000.0,CON,836000.0,CON,345000.0,CON,,,,,,,,,,,,,,,,,,,,,,,,,,,,,,,22,ALYSSA THOMAS,CON,32,40,27,13,36.1,15.5,6.1,12.8,47.4,0.0,0.1,0.0,3.3,4.7,71.5,2.0,7.9,9.9,7.9,3.4,1.8,0.5,2.7,37.8,28,6,5.6,27,ALYSSA THOMAS,CON,31,36,25,11,32.1,13.4,5.2,10.4,50.0,0.0,0.1,0.0,3.0,4.1,73.0,2.1,6.1,8.2,6.1,2.9,1.7,0.2,2.8,31.5,12,2,7.3,,,,,,,,,,,,,,,,,,,,,,,,,,,,,,,16,ALYSSA THOMAS,CON,29,21,10,11,32.8,15.5,5.8,11.6,50.0,0.0,0.0,0.0,3.9,5.6,68.6,1.9,7.2,9.0,4.8,2.5,2.0,0.3,2.8,33.9,7,0,2.7
ARIKE OGUNBOWALE,725952.0,DAL,725952.0,DAL,220235.0,DAL,220235.0,DAL,220235.0,DAL,2,ARIKE OGUNBOWALE,DAL,27,38,9,29,38.6,22.2,7.3,19.2,38.3,2.9,8.5,34.6,4.6,5.0,92.1,0.8,3.8,4.6,5.1,2.7,2.1,0.3,2.8,39.7,2,0,-6.6,5,ARIKE OGUNBOWALE,DAL,27,40,22,18,37.2,21.2,7.5,18.8,39.8,2.9,8.5,34.3,3.4,3.8,87.6,0.5,2.9,3.4,4.5,2.6,1.7,0.1,2.7,35.7,2,0,3.6,4,ARIKE OGUNBOWALE,DAL,26,30,14,16,31.4,19.7,6.8,17.0,40.0,2.8,7.9,35.2,3.3,4.1,79.8,0.6,2.7,3.3,3.6,1.8,1.5,0.1,2.2,32.5,0,0,0.1,5,ARIKE OGUNBOWALE,DAL,25,32,14,18,31.4,18.7,6.2,16.3,38.3,2.5,6.7,37.6,3.8,4.4,86.4,0.7,2.5,3.2,3.3,2.1,1.2,0.0,2.3,30.0,0,0,-1.5,1,ARIKE OGUNBOWALE,DAL,24,22,8,14,34.0,22.8,7.9,19.1,41.2,2.2,6.5,33.6,4.9,5.7,85.6,0.5,2.3,2.8,3.4,2.0,1.5,0.0,2.4,34.2,0,0,-1.2
MARINA MABREY,620000.0,CON,620000.0,CHI,189522.0,DAL,189522.0,DAL,189522.0,DAL,26,MARINA MABREY,CON,28,40,20,20,30.9,14.4,5.4,13.0,41.3,2.5,6.5,37.7,1.2,1.7,71.0,0.6,3.8,4.4,4.1,2.4,1.1,0.4,2.6,28.4,1,0,2.7,25,MARINA MABREY,CHI,27,39,17,22,30.0,15.0,5.2,12.6,41.1,2.3,5.8,39.0,2.4,2.8,83.6,0.9,2.9,3.7,3.6,2.2,0.7,0.5,2.4,27.0,0,0,-0.5,24,MARINA MABREY,DAL,26,34,18,16,28.0,13.6,5.2,12.5,42.0,1.8,5.1,35.1,1.4,2.0,68.1,0.6,3.1,3.6,3.7,2.4,0.8,0.4,2.5,25.2,1,0,-0.1,30,MARINA MABREY,DAL,25,32,14,18,24.2,13.3,4.9,12.2,40.5,2.0,5.8,34.2,1.4,1.6,88.2,0.7,3.2,3.9,2.9,2.1,1.0,0.3,2.5,24.6,0,0,0.2,,,,,,,,,,,,,,,,,,,,,,,,,,,,,,
KELSEY MITCHELL,618000.0,IND,618000.0,IND,618000.0,IND,232178.0,IND,232178.0,IND,8,KELSEY MITCHELL,IND,28,40,20,20,32.0,19.2,7.1,15.1,46.8,2.7,6.8,40.2,2.4,2.8,83.2,0.7,1.8,2.5,1.8,1.6,0.7,0.2,1.6,27.9,0,0,-1.7,10,KELSEY MITCHELL,IND,28,40,13,27,33.7,18.2,6.1,13.9,44.1,2.6,6.4,39.8,3.4,4.1,82.4,0.3,1.3,1.6,3.1,2.3,0.9,0.1,2.0,27.5,0,0,-2.4,6,KELSEY MITCHELL,IND,27,31,5,26,32.6,18.4,6.3,14.4,43.8,2.3,5.7,40.9,3.4,3.9,86.1,0.5,1.5,1.9,4.2,2.4,0.9,0.2,2.3,29.0,0,0,-9.1,8,KELSEY MITCHELL,IND,26,32,6,26,33.1,17.8,6.6,15.4,43.1,2.2,6.5,33.5,2.3,2.7,88.2,0.7,2.0,2.6,2.5,2.0,1.1,0.2,2.3,27.7,0,0,-6.1,7,KELSEY MITCHELL,IND,25,22,6,16,32.1,17.9,6.3,14.0,44.8,2.5,6.5,38.9,2.8,3.3,84.9,0.3,1.9,2.2,2.8,2.5,0.6,0.1,2.8,26.9,0,0,-6.4
TEAIRA MCCOWAN,587100.0,DAL,587100.0,DAL,168754.0,DAL,168754.0,IND,168754.0,IND,,,,,,,,,,,,,,,,,,,,,,,,,,,,,,,,,,,,,,,,,,,,,,,,,,,,,,,,,,,,,,,,,,,,,,,,,,,,,,,,,,,,,,,,,,,,,,,,,,,,,,,,,,,,,,,,,,,,,,,,,,,,,,,,,,,,,,,,,,,,,,,,,,,,,,
BRITTNEY SYKES,575000.0,WAS,575000.0,WAS,223300.0,LA,223300.0,LA,209712.0,LA,,,,,,,,,,,,,,,,,,,,,,,,,,,,,,,21,BRITTNEY SYKES,WAS,30,40,19,21,31.3,15.9,5.7,13.1,43.9,1.4,4.0,35.0,3.1,3.8,79.7,1.0,4.0,5.0,3.8,2.4,2.1,0.3,2.9,30.9,2,0,1.5,,,,,,,,,,,,,,,,,,,,,,,,,,,,,,,,,,,,,,,,,,,,,,,,,,,,,,,,,,,,,,,,,,,,,,,,,,,,,,,,,,,,,,,,,,
CHEYENNE PARKER,571650.0,ATL,571650.0,ATL,571650.0,ATL,571650.0,ATL,220000.0,CHI,,,,,,,,,,,,,,,,,,,,,,,,,,,,,,,,,,,,,,,,,,,,,,,,,,,,,,,,,,,,,,,,,,,,,,,,,,,,,,,,,,,,,,,,,,,,,,,,,,,,,,,,,,,,,,,,,,,,,,,,,,,,,,,,,,,,,,,,,,,,,,,,,,,,,,
NAPHEESA COLLIER,552516.0,MIN,552516.0,MIN,552516.0,MIN,220235.0,MIN,220235.0,MIN,5,NAPHEESA COLLIER,MIN,28,34,27,7,34.7,20.4,7.9,16.0,49.2,0.9,2.9,31.0,3.7,4.6,80.4,2.2,7.5,9.7,3.4,2.1,1.9,1.4,2.6,41.1,18,0,9.2,4,NAPHEESA COLLIER,MIN,27,37,17,20,33.5,21.5,8.0,16.6,48.5,0.9,3.1,29.8,4.5,5.4,84.0,1.9,6.6,8.5,2.5,2.4,1.6,1.2,2.4,39.1,11,0,-2.8,,,,,,,,,,,,,,,,,,,,,,,,,,,,,,,13,NAPHEESA COLLIER,MIN,25,29,22,7,34.6,16.2,6.0,13.7,44.1,0.7,2.9,25.3,3.4,3.9,86.0,1.7,4.9,6.6,3.2,2.3,1.3,1.3,2.8,31.9,5,0,5.3,15,NAPHEESA COLLIER,MIN,24,22,14,8,34.2,16.1,6.2,11.8,52.3,0.9,2.2,40.8,2.9,3.5,82.9,2.8,6.3,9.0,3.3,2.7,1.8,1.3,2.7,35.6,7,0,4.9
MYISHA HINES-ALLEN,525300.0,MIN,525300.0,WAS,525300.0,WAS,184614.0,WAS,184614.0,WAS,,,,,,,,,,,,,,,,,,,,,,,,,,,,,,,,,,,,,,,,,,,,,,,,,,,,,,,,,,,,,,,,,,,,,,,,,,,,,,,,,,,,,,,,,,,,,,,,,,,,,,,,,,,,,,,,,,,,,,,,,12,MYISHA HINES-ALLEN,WAS,26,22,9,13,29.9,17.0,6.8,13.4,51.0,1.2,2.8,42.6,2.2,2.6,82.8,1.6,7.3,8.9,2.6,2.2,1.5,0.2,2.9,33.0,10,0,2.2
JACKIE YOUNG,504900.0,LV,504900.0,LV,504900.0,LV,236283.0,LV,236283.0,LV,18,JACKIE YOUNG,LVA,27,37,25,12,32.6,15.8,5.4,12.6,43.0,1.9,5.6,33.7,3.0,3.5,86.7,0.7,3.6,4.4,5.3,2.1,1.0,0.2,2.5,29.8,5,0,4.1,11,JACKIE YOUNG,LVA,26,40,34,6,31.5,17.6,6.2,11.9,52.3,2.2,5.0,44.9,2.9,3.4,86.7,0.7,3.4,4.0,3.8,1.8,1.3,0.1,2.0,30.5,1,0,12.8,14,JACKIE YOUNG,LVA,25,34,24,10,33.2,15.9,5.6,11.8,47.6,1.5,3.4,43.1,3.2,3.8,85.9,1.3,3.1,4.4,3.9,1.3,1.4,0.2,2.4,28.9,0,0,6.6,,,,,,,,,,,,,,,,,,,,,,,,,,,,,,,,,,,,,,,,,,,,,,,,,,,,,,,,,,,,
ALLISHA GRAY,494400.0,ATL,494400.0,ATL,494400.0,DAL,494400.0,DAL,,,19,ALLISHA GRAY,ATL,29,40,15,25,33.2,15.6,5.1,12.7,40.3,1.7,5.1,34.2,3.6,4.7,76.9,1.1,3.3,4.4,2.7,1.7,1.1,0.7,2.4,27.9,1,0,-0.5,15,ALLISHA GRAY,ATL,29,38,19,19,32.7,17.1,5.8,12.4,46.5,1.1,3.1,35.6,4.4,5.4,82.4,1.2,3.7,4.9,3.1,1.9,1.1,0.4,2.6,29.1,2,0,-1.1,28,ALLISHA GRAY,DAL,28,33,18,15,32.9,13.3,4.4,10.5,42.3,1.9,4.8,40.8,2.5,3.2,79.8,0.9,3.9,4.8,2.5,1.3,1.1,0.7,2.4,26.3,1,0,2.4,,,,,,,,,,,,,,,,,,,,,,,,,,,,,,,,,,,,,,,,,,,,,,,,,,,,,,,,,,,,
JEWELL LOYD,491016.0,SEA,463030.0,SEA,463030.0,SEA,358500.0,SEA,358500.0,SEA,6,JEWELL LOYD,SEA,31,37,23,14,33.7,19.7,6.1,16.8,36.0,1.6,5.8,27.4,6.0,6.8,88.1,0.7,3.8,4.5,3.6,2.3,1.4,0.2,1.8,32.7,2,0,5.4,1,JEWELL LOYD,SEA,30,38,11,27,35.4,24.7,7.5,20.3,37.0,3.0,8.5,35.6,6.7,7.5,88.8,1.1,3.6,4.7,3.4,2.8,1.0,0.4,1.7,38.7,1,0,-3.8,11,JEWELL LOYD,SEA,29,36,22,14,30.3,16.3,5.6,14.1,39.6,2.3,6.1,38.5,2.8,3.1,89.3,0.6,2.1,2.6,3.4,2.2,1.1,0.2,1.8,27.2,0,0,5.3,7,JEWELL LOYD,SEA,28,31,20,11,31.0,17.9,6.2,14.8,42.0,2.1,5.6,37.6,3.4,3.8,88.9,0.8,3.3,4.0,3.8,2.3,1.5,0.2,2.1,31.1,0,0,5.1,17,JEWELL LOYD,SEA,27,22,18,4,27.8,15.5,5.1,11.5,44.3,1.8,4.5,39.0,3.5,4.0,87.5,0.6,1.7,2.4,3.2,1.9,1.5,0.3,1.5,26.2,0,0,8.3
KAHLEAH COPPER,490118.0,PHX,405000.0,CHI,405000.0,CHI,330000.0,CHI,330000.0,CHI,3,KAHLEAH COPPER,PHO,30,37,17,20,32.3,21.1,7.4,17.0,43.5,1.9,5.9,31.4,4.5,5.6,80.7,0.6,3.9,4.5,2.3,3.0,0.8,0.1,3.3,31.5,1,0,-3.1,7,KAHLEAH COPPER,CHI,29,38,17,21,31.2,18.7,6.9,15.4,44.8,1.8,4.5,40.4,3.1,4.0,77.0,0.7,3.7,4.4,2.0,2.5,0.9,0.3,2.4,29.3,1,0,-1.7,15,KAHLEAH COPPER,CHI,28,31,23,8,28.8,15.7,5.7,11.8,48.1,1.2,3.3,35.6,3.2,4.2,77.5,1.0,4.6,5.7,2.3,2.0,0.5,0.0,2.4,25.8,4,0,5.5,22,KAHLEAH COPPER,CHI,27,32,16,16,30.8,14.4,5.4,11.8,45.9,0.8,2.7,30.6,2.8,3.4,81.8,1.2,3.0,4.2,1.8,1.9,0.9,0.3,3.0,23.4,0,0,0.0,19,KAHLEAH COPPER,CHI,26,22,12,10,31.3,14.8,6.0,12.1,49.6,1.0,2.8,34.4,1.9,2.5,73.2,1.0,4.5,5.5,2.1,2.5,1.0,0.2,2.4,25.7,0,0,3.1
MERCEDES RUSSELL,480000.0,SEA,480000.0,SEA,480000.0,SEA,141618.0,SEA,141618.0,SEA,,,,,,,,,,,,,,,,,,,,,,,,,,,,,,,,,,,,,,,,,,,,,,,,,,,,,,,,,,,,,,,,,,,,,,,,,,,,,,,,,,,,,,,,,,,,,,,,,,,,,,,,,,,,,,,,,,,,,,,,,,,,,,,,,,,,,,,,,,,,,,,,,,,,,,
DIANA TAURASI,469872.0,PHX,469872.0,PHX,449544.0,PHX,449544.0,PHX,466000.0,PHX,23,DIANA TAURASI,PHO,42,36,17,19,29.0,14.9,4.8,11.9,40.0,2.4,7.2,33.3,3.0,3.5,85.7,0.4,3.4,3.8,3.4,1.9,0.6,0.3,2.6,26.3,0,0,-0.8,19,DIANA TAURASI,PHO,42,26,8,18,27.3,16.0,4.9,12.2,40.3,2.5,7.2,34.2,3.7,4.3,84.8,0.1,3.5,3.6,4.6,3.0,0.5,0.5,2.6,28.5,1,0,-2.5,10,DIANA TAURASI,PHO,41,31,13,18,31.0,16.7,4.8,13.0,37.3,3.0,8.8,33.7,4.1,4.6,89.4,0.3,3.2,3.4,3.9,2.7,0.7,0.6,2.9,29.6,0,0,-4.0,16,DIANA TAURASI,PHO,40,16,12,4,28.4,15.2,4.4,12.0,36.5,2.6,7.6,33.9,3.9,4.5,86.1,0.2,4.3,4.4,4.9,2.9,0.2,0.6,2.4,28.6,1,0,4.0,5,DIANA TAURASI,PHO,39,19,11,8,28.1,18.7,5.1,12.4,40.9,3.2,8.8,36.5,5.4,5.9,91.2,0.1,4.1,4.2,4.5,2.3,1.0,0.4,2.7,33.5,2,0,0.7
ERICA WHEELER,444308.0,IND,444308.0,IND,365400.0,ATL,365400.0,LA,161600.0,IND,,,,,,,,,,,,,,,,,,,,,,,,,,,,,,,,,,,,,,,,,,,,,,,,,,,,,,,,,,,,,,,,,,,,,,,,,,,,,,,,,,,,,,,,,,,27,ERICA WHEELER,LAS,31,32,12,20,30.2,13.6,5.0,12.0,41.7,1.0,2.9,35.5,2.5,3.1,82.7,0.5,2.6,3.1,4.8,2.7,1.3,0.3,2.7,25.6,2,0,-4.6,,,,,,,,,,,,,,,,,,,,,,,,,,,,,,
MORIAH JEFFERSON,424500.0,CHI,424500.0,PHX,67141.0,MIN,525200.0,DAL,525200.0,DAL,,,,,,,,,,,,,,,,,,,,,,,,,,,,,,,,,,,,,,,,,,,,,,,,,,,,,,,,,,,,,,,,,,,,,,,,,,,,,,,,,,,,,,,,,,,,,,,,,,,,,,,,,,,,,,,,,,,,,,,,,,,,,,,,,,,,,,,,,,,,,,,,,,,,,,
SKYLAR DIGGINS-SMITH,422685.0,SEA,899480.0,PHX,899480.0,PHX,899480.0,PHX,899480.0,PHX,20,SKYLAR DIGGINS-SMITH,SEA,34,40,25,15,31.6,15.1,5.5,12.8,42.7,1.0,3.4,29.1,3.3,3.8,86.7,0.7,1.9,2.6,6.4,2.8,1.7,0.9,2.8,30.4,2,0,5.4,,,,,,,,,,,,,,,,,,,,,,,,,,,,,,,3,SKYLAR DIGGINS-SMITH,PHO,32,30,13,17,34.0,19.7,6.9,16.2,42.9,1.3,4.5,29.6,4.5,5.3,84.4,0.9,3.1,4.0,5.5,2.7,1.5,1.0,2.7,35.7,3,0,-1.0,9,SKYLAR DIGGINS-SMITH,PHO,31,32,19,13,32.5,17.7,5.5,12.3,45.2,1.6,4.2,37.0,5.1,6.2,81.8,0.5,2.6,3.2,5.3,2.6,1.1,0.8,2.2,31.3,3,0,5.0,8,SKYLAR DIGGINS-SMITH,PHO,30,22,13,9,30.7,17.7,5.8,12.2,47.4,2.1,5.3,39.7,4.1,4.5,90.0,0.5,2.8,3.3,4.2,3.2,0.9,0.5,2.3,30.2,0,0,-1.9
KAYLA MCBRIDE,413000.0,MIN,588801.0,MIN,588801.0,MIN,588801.0,MIN,232000.0,LV,21,KAYLA MCBRIDE,MIN,32,39,30,9,31.7,15.0,4.5,10.6,42.0,2.7,6.6,40.7,3.4,3.8,89.3,0.4,2.2,2.6,3.2,2.0,1.3,0.1,1.2,26.1,0,0,7.7,28,KAYLA MCBRIDE,MIN,32,38,19,19,31.8,14.3,4.9,11.6,42.4,2.2,6.4,34.2,2.2,2.6,86.7,0.4,2.8,3.2,2.2,1.7,1.2,0.2,1.7,24.7,0,0,-3.7,29,KAYLA MCBRIDE,MIN,31,31,14,17,29.8,13.3,4.4,10.9,40.5,1.5,4.3,35.6,2.9,3.2,90.9,0.5,2.3,2.8,2.1,1.5,1.0,0.1,1.4,21.8,0,0,0.1,25,KAYLA MCBRIDE,MIN,30,32,22,10,31.6,13.7,4.5,10.3,43.3,1.9,5.0,37.9,2.8,3.1,91.0,0.3,3.3,3.6,2.3,1.1,0.8,0.2,1.8,23.4,0,0,3.8,,,,,,,,,,,,,,,,,,,,,,,,,,,,,,
SABRINA IONESCU,410060.0,NY,410060.0,NY,213597.0,NY,213597.0,NY,213597.0,NY,9,SABRINA IONESCU,NYL,26,38,30,8,32.1,18.2,6.3,15.9,39.4,2.8,8.4,33.3,2.8,3.1,89.8,0.7,3.7,4.4,6.2,2.7,1.0,0.3,1.2,34.3,3,0,7.4,16,SABRINA IONESCU,NYL,26,36,29,7,31.5,17.0,5.4,12.8,42.3,3.6,7.9,44.8,2.6,3.0,87.2,0.8,4.8,5.6,5.4,2.6,1.0,0.3,1.7,34.1,2,1,8.9,8,SABRINA IONESCU,NYL,25,36,16,20,32.3,17.4,5.9,14.3,41.1,2.3,6.9,33.3,3.4,3.6,93.1,1.0,6.1,7.1,6.3,3.0,1.1,0.3,2.1,35.8,7,2,-1.1,,,,,,,,,,,,,,,,,,,,,,,,,,,,,,,6,SABRINA IONESCU,NYL,23,3,0,3,26.6,18.3,6.3,14.0,45.2,2.3,6.7,35.0,3.3,3.3,100,0.7,4.0,4.7,4.0,4.3,0.7,0.0,1.3,30.7,0,0,-8.7
A'JA WILSON,400000.0,LV,398422.0,LV,398422.0,LV,232178.0,LV,232178.0,LV,1,A'JA WILSON,LVA,28,38,26,12,34.4,26.9,10.1,19.6,51.8,0.5,1.6,31.7,6.1,7.2,84.4,2.1,9.8,11.9,2.3,1.3,1.8,2.6,1.8,50.3,23,0,4.6,3,A'JA WILSON,LVA,27,40,34,6,30.7,22.8,8.4,15.0,55.7,0.2,0.7,31.0,5.8,7.2,81.2,2.1,7.5,9.5,1.6,1.6,1.4,2.2,2.1,41.4,22,0,12.2,5,A'JA WILSON,LVA,26,36,26,10,30.0,19.5,7.2,14.4,50.1,0.9,2.3,37.3,4.2,5.2,81.3,1.8,7.6,9.4,2.1,1.7,1.4,1.9,2.1,38.7,17,0,8.7,6,A'JA WILSON,LVA,25,32,24,8,31.9,18.3,6.5,14.6,44.4,0.0,0.0,100,5.3,6.0,87.6,2.0,7.3,9.3,3.1,1.4,0.9,1.3,1.5,34.9,17,0,5.8,2,A'JA WILSON,LVA,24,22,18,4,31.7,20.5,7.5,15.7,48.0,0.0,0.0,0.0,5.4,6.9,78.1,1.5,7.0,8.5,2.0,1.6,1.2,2.0,2.2,37.5,7,0,8.1
ARIEL ATKINS,400000.0,WAS,345000.0,WAS,345000.0,WAS,345000.0,WAS,214836.0,WAS,24,ARIEL ATKINS,WAS,28,40,14,26,29.9,14.9,5.4,12.4,43.7,2.0,5.5,35.7,2.1,2.5,84.8,0.9,2.5,3.4,3.1,2.3,1.5,0.4,2.8,27.2,0,0,-2.0,,,,,,,,,,,,,,,,,,,,,,,,,,,,,,,18,ARIEL ATKINS,WAS,26,36,22,14,30.0,14.6,5.1,12.2,42.0,1.9,5.3,36.5,2.4,2.9,84.5,0.9,2.3,3.3,2.3,1.4,1.3,0.3,2.8,25.3,0,0,4.2,12,ARIEL ATKINS,WAS,25,30,10,20,30.6,16.2,5.4,13.2,40.7,2.2,6.1,35.9,3.3,3.9,83.1,1.1,1.6,2.8,2.6,2.0,1.6,0.5,3.2,28.1,0,0,-1.5,19,ARIEL ATKINS,WAS,24,22,9,13,31.0,14.8,5.0,11.4,43.8,2.0,4.9,41.1,2.8,3.2,88.6,0.8,2.1,2.9,2.4,1.9,1.8,0.3,2.6,26.2,0,0,1.6
KELSEY PLUM,400000.0,LV,400000.0,LV,400000.0,LV,423250.0,LV,423250.0,LV,11,KELSEY PLUM,LVA,30,38,25,13,34.0,17.8,6.1,14.4,42.3,2.9,7.9,36.8,2.7,3.1,86.6,0.3,2.3,2.6,4.2,2.4,0.7,0.0,2.7,28.9,0,0,5.6,8,KELSEY PLUM,LVA,29,39,33,6,32.4,18.7,6.4,13.4,47.5,2.4,6.3,38.9,3.5,3.8,91.2,0.2,2.2,2.4,4.5,2.1,1.1,0.0,2.4,30.3,2,0,14.2,2,KELSEY PLUM,LVA,28,36,26,10,32.8,20.2,6.8,14.8,46.0,3.1,7.5,42.0,3.5,4.1,83.9,0.3,2.4,2.7,5.1,2.6,1.0,0.1,2.5,33.2,2,0,7.8,18,KELSEY PLUM,LVA,27,26,20,6,25.5,14.8,4.9,11.3,43.7,1.7,4.4,38.6,3.3,3.5,94.4,0.4,2.1,2.5,3.6,1.7,1.0,0.0,2.2,24.7,0,0,5.5,,,,,,,,,,,,,,,,,,,,,,,,,,,,,,
NATASHA CLOUD,400000.0,PHX,565000.0,WAS,565000.0,WAS,565000.0,WAS,232000.0,WAS,,,,,,,,,,,,,,,,,,,,,,,,,,,,,,,,,,,,,,,,,,,,,,,,,,,,,,,,,,,,,,,,,,,,,,,,,,,,,,,,,,,,,,,,,,,,,,,,,,,,,,,,,,,,,,,,,,,,,,,,,,,,,,,,,,,,,,,,,,,,,,,,,,,,,,
CHELSEA GRAY,392534.0,LV,392534.0,LV,392534.0,LV,386817.0,LV,195000.0,LA,,,,,,,,,,,,,,,,,,,,,,,,,,,,,,,24,CHELSEA GRAY,LVA,31,40,34,6,32.2,15.3,5.6,11.5,49.0,1.6,3.8,42.1,2.4,2.7,89.7,0.3,3.7,4.0,7.3,2.5,1.4,0.6,1.8,32.2,10,1,10.9,23,CHELSEA GRAY,LVA,30,35,25,10,29.7,13.7,5.2,10.7,49.1,1.0,2.9,34.0,2.3,2.5,91.0,0.3,2.9,3.2,6.1,2.3,1.6,0.3,1.5,27.8,1,0,8.1,,,,,,,,,,,,,,,,,,,,,,,,,,,,,,,26,CHELSEA GRAY,LAS,28,22,15,7,30.6,14.0,5.5,12.5,44.2,0.8,2.7,30.5,2.1,2.2,93.9,0.7,3.0,3.7,5.3,2.7,1.5,0.1,1.7,27.0,0,0,4.5
KALANI BROWN,386250.0,DAL,74305.0,DAL,,,,,219235.0,ATL,,,,,,,,,,,,,,,,,,,,,,,,,,,,,,,,,,,,,,,,,,,,,,,,,,,,,,,,,,,,,,,,,,,,,,,,,,,,,,,,,,,,,,,,,,,,,,,,,,,,,,,,,,,,,,,,,,,,,,,,,,,,,,,,,,,,,,,,,,,,,,,,,,,,,,
AZURÁ STEVENS,385000.0,LA,385000.0,LA,140000.0,CHI,140000.0,CHI,214836.0,CHI,,,,,,,,,,,,,,,,,,,,,,,,,,,,,,,,,,,,,,,,,,,,,,,,,,,,,,,,,,,,,,,,,,,,,,,,,,,,,,,,,,,,,,,,,,,,,,,,,,,,,,,,,,,,,,,,,,,,,,,,,,,,,,,,,,,,,,,,,,,,,,,,,,,,,,
JONQUEL JONES,385000.0,NY,416150.0,NY,416150.0,CON,375500.0,CON,375500.0,CON,27,JONQUEL JONES,NYL,30,39,32,7,29.9,14.2,5.3,9.8,53.8,1.5,3.9,38.8,2.1,2.7,78.8,1.7,7.3,9.0,3.2,2.4,0.8,1.3,2.9,32.0,11,0,8.1,,,,,,,,,,,,,,,,,,,,,,,,,,,,,,,19,JONQUEL JONES,CON,29,33,23,10,26.4,14.6,5.3,10.4,51.3,1.2,3.4,36.9,2.7,3.4,80.2,2.6,6.0,8.6,1.8,2.6,1.1,1.2,2.7,30.6,11,0,7.7,4,JONQUEL JONES,CON,28,27,24,3,31.7,19.4,7.1,13.8,51.5,1.6,4.3,36.2,3.6,4.5,80.2,2.5,8.7,11.2,2.8,2.9,1.3,1.3,3.1,40.0,18,0,12.4,,,,,,,,,,,,,,,,,,,,,,,,,,,,,,
COURTNEY VANDERSLOOT,383670.0,NY,383670.0,NY,195000.0,CHI,406000.0,CHI,406000.0,CHI,,,,,,,,,,,,,,,,,,,,,,,,,,,,,,,,,,,,,,,,,,,,,,,,,,,,,,,,,,,,,,,,,,,,,,,,,,,,,,,,,,,,,,,,,,,,,,,,,,,,,,,,,,,,,,,,,,,,,,,,,28,COURTNEY VANDERSLOOT,CHI,32,22,12,10,31.5,13.6,4.9,9.9,49.1,1.4,3.5,39.5,2.5,2.9,88.9,0.5,3.0,3.5,10.0,2.5,1.2,0.4,2.1,31.6,9,0,6.3
JORDIN CANADA,375000.0,ATL,74305.0,LA,98000.0,LA,214836.0,SEA,214836.0,SEA,,,,,,,,,,,,,,,,,,,,,,,,,,,,,,,30,JORDIN CANADA,LAS,28,38,17,21,32.6,13.3,4.3,10.6,40.4,1.1,3.2,33.3,3.6,4.2,87.3,0.2,2.8,3.1,6.0,2.7,2.3,0.2,2.3,28.4,1,0,0.8,,,,,,,,,,,,,,,,,,,,,,,,,,,,,,,,,,,,,,,,,,,,,,,,,,,,,,,,,,,,,,,,,,,,,,,,,,,,,,,,,,,,,,,,,,
BETNIJAH LANEY,365400.0,NY,588801.0,NY,588801.0,NY,588801.0,NY,182700.0,ATL,,,,,,,,,,,,,,,,,,,,,,,,,,,,,,,,,,,,,,,,,,,,,,,,,,,,,,,,,,,,,,,,,,,,,,,,,,,,,,,,,,,,,,,,,,,,,,,,,,,,,,,,,,,,,,,,,,,,,,,,,,,,,,,,,,,,,,,,,,,,,,,,,,,,,,
KATIE LOU SAMUELSON,355250.0,IND,237754.0,LA,237754.0,LA,237754.0,SEA,237754.0,DAL,,,,,,,,,,,,,,,,,,,,,,,,,,,,,,,,,,,,,,,,,,,,,,,,,,,,,,,,,,,,,,,,,,,,,,,,,,,,,,,,,,,,,,,,,,,,,,,,,,,,,,,,,,,,,,,,,,,,,,,,,,,,,,,,,,,,,,,,,,,,,,,,,,,,,,
COURTNEY WILLIAMS,355000.0,MIN,160000.0,CHI,103000.0,CON,375500.0,ATL,375500.0,ATL,,,,,,,,,,,,,,,,,,,,,,,,,,,,,,,,,,,,,,,,,,,,,,,,,,,,,,,,,,,,,,,,,,,,,,,,,,,,,,,,,,,,,,,,,,,11,COURTNEY WILLIAMS,ATL,28,32,8,24,34.4,16.5,7.1,17.1,41.8,1.2,3.2,38.2,1.1,1.7,64.2,1.4,5.4,6.8,4.0,1.8,1.1,0.5,1.7,31.8,7,0,-3.4,23,COURTNEY WILLIAMS,ATL,27,20,6,14,30.5,14.6,6.7,15.4,43.6,0.4,1.7,23.5,0.8,1.2,69.6,1.9,5.3,7.2,3.2,2.7,0.7,0.1,2.0,26.8,4,0,-5.4
STEFANIE DOLSON,345000.0,WAS,320000.0,NY,320000.0,NY,355250.0,CHI,355250.0,CHI,,,,,,,,,,,,,,,,,,,,,,,,,,,,,,,,,,,,,,,,,,,,,,,,,,,,,,,,,,,,,,,,,,,,,,,,,,,,,,,,,,,,,,,,,,,,,,,,,,,,,,,,,,,,,,,,,,,,,,,,,,,,,,,,,,,,,,,,,,,,,,,,,,,,,,
CAITLIN CLARK,338056.0,IND,,,,,,,,,7,CAITLIN CLARK,IND,22,40,20,20,35.4,19.2,6.1,14.5,41.7,3.1,8.9,34.4,4.1,4.5,90.6,0.4,5.3,5.7,8.4,5.6,1.3,0.7,2.8,40.4,14,2,-1.6,,,,,,,,,,,,,,,,,,,,,,,,,,,,,,,,,,,,,,,,,,,,,,,,,,,,,,,,,,,,,,,,,,,,,,,,,,,,,,,,,,,,,,,,,,,,,,,,,,,,,,,,,,,,,,,,,,,,,,,,
CAMERON BRINK,338056.0,LA,,,,,,,,,,,,,,,,,,,,,,,,,,,,,,,,,,,,,,,,,,,,,,,,,,,,,,,,,,,,,,,,,,,,,,,,,,,,,,,,,,,,,,,,,,,,,,,,,,,,,,,,,,,,,,,,,,,,,,,,,,,,,,,,,,,,,,,,,,,,,,,,,,,,,,,,,,,,,,
KAMILLA CARDOSO,338056.0,CHI,,,,,,,,,,,,,,,,,,,,,,,,,,,,,,,,,,,,,,,,,,,,,,,,,,,,,,,,,,,,,,,,,,,,,,,,,,,,,,,,,,,,,,,,,,,,,,,,,,,,,,,,,,,,,,,,,,,,,,,,,,,,,,,,,,,,,,,,,,,,,,,,,,,,,,,,,,,,,,
RICKEA JACKSON,338056.0,LA,,,,,,,,,,,,,,,,,,,,,,,,,,,,,,,,,,,,,,,,,,,,,,,,,,,,,,,,,,,,,,,,,,,,,,,,,,,,,,,,,,,,,,,,,,,,,,,,,,,,,,,,,,,,,,,,,,,,,,,,,,,,,,,,,,,,,,,,,,,,,,,,,,,,,,,,,,,,,,
STEPHANIE SOARES,338056.0,DAL,,,,,,,,,,,,,,,,,,,,,,,,,,,,,,,,,,,,,,,,,,,,,,,,,,,,,,,,,,,,,,,,,,,,,,,,,,,,,,,,,,,,,,,,,,,,,,,,,,,,,,,,,,,,,,,,,,,,,,,,,,,,,,,,,,,,,,,,,,,,,,,,,,,,,,,,,,,,,,
AALIYAH EDWARDS,324383.0,WAS,,,,,,,,,,,,,,,,,,,,,,,,,,,,,,,,,,,,,,,,,,,,,,,,,,,,,,,,,,,,,,,,,,,,,,,,,,,,,,,,,,,,,,,,,,,,,,,,,,,,,,,,,,,,,,,,,,,,,,,,,,,,,,,,,,,,,,,,,,,,,,,,,,,,,,,,,,,,,,
ALISSA PILI,324383.0,MIN,,,,,,,,,,,,,,,,,,,,,,,,,,,,,,,,,,,,,,,,,,,,,,,,,,,,,,,,,,,,,,,,,,,,,,,,,,,,,,,,,,,,,,,,,,,,,,,,,,,,,,,,,,,,,,,,,,,,,,,,,,,,,,,,,,,,,,,,,,,,,,,,,,,,,,,,,,,,,,
ANGEL REESE,324383.0,CHI,,,,,,,,,30,ANGEL REESE,CHI,22,34,12,22,32.5,13.6,4.8,12.3,39.1,0.1,0.5,18.8,3.9,5.2,73.6,5.1,8.1,13.1,1.9,2.2,1.3,0.5,3.5,32.2,26,0,0.4,,,,,,,,,,,,,,,,,,,,,,,,,,,,,,,,,,,,,,,,,,,,,,,,,,,,,,,,,,,,,,,,,,,,,,,,,,,,,,,,,,,,,,,,,,,,,,,,,,,,,,,,,,,,,,,,,,,,,,,,
JACY SHELDON,324383.0,DAL,,,,,,,,,,,,,,,,,,,,,,,,,,,,,,,,,,,,,,,,,,,,,,,,,,,,,,,,,,,,,,,,,,,,,,,,,,,,,,,,,,,,,,,,,,,,,,,,,,,,,,,,,,,,,,,,,,,,,,,,,,,,,,,,,,,,,,,,,,,,,,,,,,,,,,,,,,,,,,
ISABELLE HARRISON,320000.0,CHI,320000.0,CHI,463365.0,DAL,463365.0,DAL,463365.0,DAL,,,,,,,,,,,,,,,,,,,,,,,,,,,,,,,,,,,,,,,,,,,,,,,,,,,,,,,,,,,,,,,,,,,,,,,,,,,,,,,,,,,,,,,,,,,,,,,,,,,,,,,,,,,,,,,,,,,,,,,,,,,,,,,,,,,,,,,,,,,,,,,,,,,,,,
REBECCA ALLEN,320000.0,PHX,277850.0,CON,277850.0,NY,105037.0,NY,161600.0,NY,,,,,,,,,,,,,,,,,,,,,,,,,,,,,,,,,,,,,,,,,,,,,,,,,,,,,,,,,,,,,,,,,,,,,,,,,,,,,,,,,,,,,,,,,,,,,,,,,,,,,,,,,,,,,,,,,,,,,,,,,,,,,,,,,,,,,,,,,,,,,,,,,,,,,,
EZI MAGBEGOR,314650.0,SEA,314650.0,SEA,189042.0,SEA,189042.0,SEA,189042.0,SEA,,,,,,,,,,,,,,,,,,,,,,,,,,,,,,,29,EZI MAGBEGOR,SEA,24,40,11,29,32.6,13.8,5.4,10.6,51.3,0.8,2.0,38.5,2.2,3.1,69.9,1.6,6.5,8.1,2.6,2.4,1.1,1.9,3.2,31.1,10,0,-3.0,,,,,,,,,,,,,,,,,,,,,,,,,,,,,,,,,,,,,,,,,,,,,,,,,,,,,,,,,,,,,,,,,,,,,,,,,,,,,,,,,,,,,,,,,,
MARQUESHA DAVIS,310718.0,NY,,,,,,,,,,,,,,,,,,,,,,,,,,,,,,,,,,,,,,,,,,,,,,,,,,,,,,,,,,,,,,,,,,,,,,,,,,,,,,,,,,,,,,,,,,,,,,,,,,,,,,,,,,,,,,,,,,,,,,,,,,,,,,,,,,,,,,,,,,,,,,,,,,,,,,,,,,,,,,
SOPHIE CUNNINGHAM,304500.0,PHX,304500.0,PHX,75000.0,PHX,189522.0,PHX,189522.0,PHX,,,,,,,,,,,,,,,,,,,,,,,,,,,,,,,,,,,,,,,,,,,,,,,,,,,,,,,,,,,,,,,,,,,,,,,,,,,,,,,,,,,,,,,,,,,,,,,,,,,,,,,,,,,,,,,,,,,,,,,,,,,,,,,,,,,,,,,,,,,,,,,,,,,,,,
ALANNA SMITH,300000.0,MIN,100000.0,CHI,,,219235.0,PHX,219235.0,PHX,,,,,,,,,,,,,,,,,,,,,,,,,,,,,,,,,,,,,,,,,,,,,,,,,,,,,,,,,,,,,,,,,,,,,,,,,,,,,,,,,,,,,,,,,,,,,,,,,,,,,,,,,,,,,,,,,,,,,,,,,,,,,,,,,,,,,,,,,,,,,,,,,,,,,,
BRIANNA TURNER,300000.0,CHI,300000.0,PHX,197503.0,PHX,197503.0,PHX,197503.0,PHX,,,,,,,,,,,,,,,,,,,,,,,,,,,,,,,,,,,,,,,,,,,,,,,,,,,,,,,,,,,,,,,,,,,,,,,,,,,,,,,,,,,,,,,,,,,,,,,,,,,,,,,,,,,,,,,,,,,,,,,,,,,,,,,,,,,,,,,,,,,,,,,,,,,,,,
NIA COFFEY,300000.0,ATL,135000.0,ATL,130000.0,ATL,70040.0,LA,,,,,,,,,,,,,,,,,,,,,,,,,,,,,,,,,,,,,,,,,,,,,,,,,,,,,,,,,,,,,,,,,,,,,,,,,,,,,,,,,,,,,,,,,,,,,,,,,,,,,,,,,,,,,,,,,,,,,,,,,,,,,,,,,,,,,,,,,,,,,,,,,,,,,,,,
KATE MARTIN,297045.0,LV,,,,,,,,,,,,,,,,,,,,,,,,,,,,,,,,,,,,,,,,,,,,,,,,,,,,,,,,,,,,,,,,,,,,,,,,,,,,,,,,,,,,,,,,,,,,,,,,,,,,,,,,,,,,,,,,,,,,,,,,,,,,,,,,,,,,,,,,,,,,,,,,,,,,,,,,,,,,,,
LEONIE FIEBICH,297045.0,NY,,,187738.0,CHI,187738.0,CHI,187738.0,LA,,,,,,,,,,,,,,,,,,,,,,,,,,,,,,,,,,,,,,,,,,,,,,,,,,,,,,,,,,,,,,,,,,,,,,,,,,,,,,,,,,,,,,,,,,,,,,,,,,,,,,,,,,,,,,,,,,,,,,,,,,,,,,,,,,,,,,,,,,,,,,,,,,,,,,
NIKA MÜHL,297045.0,SEA,,,,,,,,,,,,,,,,,,,,,,,,,,,,,,,,,,,,,,,,,,,,,,,,,,,,,,,,,,,,,,,,,,,,,,,,,,,,,,,,,,,,,,,,,,,,,,,,,,,,,,,,,,,,,,,,,,,,,,,,,,,,,,,,,,,,,,,,,,,,,,,,,,,,,,,,,,,,,,
SAMI WHITCOMB,287500.0,SEA,287500.0,SEA,300700.0,NY,300700.0,NY,168000.0,SEA,,,,,,,,,,,,,,,,,,,,,,,,,,,,,,,,,,,,,,,,,,,,,,,,,,,,,,,,,,,,,,,,,,,,,,,,,,,,,,,,,,,,,,,,,,,,,,,,,,,,,,,,,,,,,,,,,,,,,,,,,,,,,,,,,,,,,,,,,,,,,,,,,,,,,,
KIA NURSE,285000.0,LA,285000.0,SEA,73542.0,PHX,191720.0,PHX,191720.0,NY,,,,,,,,,,,,,,,,,,,,,,,,,,,,,,,,,,,,,,,,,,,,,,,,,,,,,,,,,,,,,,,,,,,,,,,,,,,,,,,,,,,,,,,,,,,,,,,,,,,,,,,,,,,,,,,,,,,,,,,,,,,,,,,,,,,,,,,,,,,,,,,,,,,,,,
TIFFANY MITCHELL,274050.0,CON,274050.0,MIN,432726.0,IND,432726.0,IND,432726.0,IND,,,,,,,,,,,,,,,,,,,,,,,,,,,,,,,,,,,,,,,,,,,,,,,,,,,,,,,,,,,,,,,,,,,,,,,,,,,,,,,,,,,,,,,,,,,,,,,,,,,,,,,,,,,,,,,,,,,,,,,,,,,,,,,,,,,,,,,,,,,,,,,,,,,,,,
ELIZABETH WILLIAMS,270000.0,CHI,270000.0,CHI,90000.0,WAS,464000.0,ATL,464000.0,ATL,,,,,,,,,,,,,,,,,,,,,,,,,,,,,,,,,,,,,,,,,,,,,,,,,,,,,,,,,,,,,,,,,,,,,,,,,,,,,,,,,,,,,,,,,,,,,,,,,,,,,,,,,,,,,,,,,,,,,,,,,,,,,,,,,,,,,,,,,,,,,,,,,,,,,,
JADE MELBOURNE,268767.0,WAS,268767.0,SEA,,,,,,,,,,,,,,,,,,,,,,,,,,,,,,,,,,,,,,,,,,,,,,,,,,,,,,,,,,,,,,,,,,,,,,,,,,,,,,,,,,,,,,,,,,,,,,,,,,,,,,,,,,,,,,,,,,,,,,,,,,,,,,,,,,,,,,,,,,,,,,,,,,,,,,,,,,,,
BRIDGET CARLETON,250000.0,MIN,91000.0,MIN,72141.0,MIN,58170.0,MIN,,,,,,,,,,,,,,,,,,,,,,,,,,,,,,,,,,,,,,,,,,,,,,,,,,,,,,,,,,,,,,,,,,,,,,,,,,,,,,,,,,,,,,,,,,,,,,,,,,,,,,,,,,,,,,,,,,,,,,,,,,,,,,,,,,,,,,,,,,,,,,,,,,,,,,,,
RAE BURRELL,250000.0,LA,,,208338.0,LA,,,,,,,,,,,,,,,,,,,,,,,,,,,,,,,,,,,,,,,,,,,,,,,,,,,,,,,,,,,,,,,,,,,,,,,,,,,,,,,,,,,,,,,,,,,,,,,,,,,,,,,,,,,,,,,,,,,,,,,,,,,,,,,,,,,,,,,,,,,,,,,,,,,,,,,,,,
JESSICA SHEPARD,243600.0,MIN,243600.0,MIN,189522.0,MIN,189522.0,MIN,189522.0,MIN,,,,,,,,,,,,,,,,,,,,,,,,,,,,,,,,,,,,,,,,,,,,,,,,,,,,,,,,,,,,,,,,,,,,,,,,,,,,,,,,,,,,,,,,,,,,,,,,,,,,,,,,,,,,,,,,,,,,,,,,,,,,,,,,,,,,,,,,,,,,,,,,,,,,,,
NATISHA HIEDEMAN,240000.0,MIN,240000.0,CON,72141.0,CON,58710.0,CON,57000.0,CON,,,,,,,,,,,,,,,,,,,,,,,,,,,,,,,,,,,,,,,,,,,,,,,,,,,,,,,,,,,,,,,,,,,,,,,,,,,,,,,,,,,,,,,,,,,,,,,,,,,,,,,,,,,,,,,,,,,,,,,,,,,,,,,,,,,,,,,,,,,,,,,,,,,,,,
ALIYAH BOSTON,233468.0,IND,233468.0,IND,,,,,,,28,ALIYAH BOSTON,IND,22,40,20,20,30.9,14.0,5.9,11.2,52.9,0.2,0.7,26.9,2.0,2.8,73.6,2.8,6.1,8.9,3.2,2.0,0.9,1.2,3.3,30.4,13,0,-0.8,27,ALIYAH BOSTON,IND,22,40,13,27,31.2,14.5,5.8,10.1,57.8,0.1,0.3,40.0,2.7,3.6,74.5,3.1,5.3,8.4,2.2,1.9,1.3,1.3,3.1,30.3,11,0,-1.3,,,,,,,,,,,,,,,,,,,,,,,,,,,,,,,,,,,,,,,,,,,,,,,,,,,,,,,,,,,,,,,,,,,,,,,,,,,,,,,,,,,,,,,,,,
DIAMOND MILLER,233468.0,MIN,233468.0,MIN,,,,,,,,,,,,,,,,,,,,,,,,,,,,,,,,,,,,,,,,,,,,,,,,,,,,,,,,,,,,,,,,,,,,,,,,,,,,,,,,,,,,,,,,,,,,,,,,,,,,,,,,,,,,,,,,,,,,,,,,,,,,,,,,,,,,,,,,,,,,,,,,,,,,,,,,,,,,
MADDY SIEGRIST,233468.0,DAL,233468.0,DAL,,,,,,,,,,,,,,,,,,,,,,,,,,,,,,,,,,,,,,,,,,,,,,,,,,,,,,,,,,,,,,,,,,,,,,,,,,,,,,,,,,,,,,,,,,,,,,,,,,,,,,,,,,,,,,,,,,,,,,,,,,,,,,,,,,,,,,,,,,,,,,,,,,,,,,,,,,,,
KARLIE SAMUELSON,233450.0,WAS,62675.0,LA,,,17304.0,SEA,,,,,,,,,,,,,,,,,,,,,,,,,,,,,,,,,,,,,,,,,,,,,,,,,,,,,,,,,,,,,,,,,,,,,,,,,,,,,,,,,,,,,,,,,,,,,,,,,,,,,,,,,,,,,,,,,,,,,,,,,,,,,,,,,,,,,,,,,,,,,,,,,,,,,,,,
STEPHANIE TALBOT,227000.0,LA,227000.0,LA,72141.0,SEA,70040.0,SEA,,,,,,,,,,,,,,,,,,,,,,,,,,,,,,,,,,,,,,,,,,,,,,,,,,,,,,,,,,,,,,,,,,,,,,,,,,,,,,,,,,,,,,,,,,,,,,,,,,,,,,,,,,,,,,,,,,,,,,,,,,,,,,,,,,,,,,,,,,,,,,,,,,,,,,,,
NALYSSA SMITH,226668.0,IND,226668.0,IND,226668.0,IND,,,,,,,,,,,,,,,,,,,,,,,,,,,,,,,,,,,23,NALYSSA SMITH,IND,23,31,11,20,28.5,15.5,6.1,12.7,47.7,0.6,2.2,28.4,2.7,4.0,67.7,2.1,7.1,9.2,1.4,2.7,0.3,0.3,3.0,28.0,13,0,-1.2,25,NALYSSA SMITH,IND,22,32,5,27,30.7,13.5,5.0,11.9,41.9,1.2,3.0,38.1,2.4,3.8,61.8,2.2,5.7,7.9,1.4,2.4,0.5,0.3,2.9,25.4,8,0,-8.2,,,,,,,,,,,,,,,,,,,,,,,,,,,,,,,,,,,,,,,,,,,,,,,,,,,,,,,,,,,,
RHYNE HOWARD,226668.0,ATL,226668.0,ATL,226668.0,ATL,,,,,15,RHYNE HOWARD,ATL,24,30,14,16,33.9,17.3,5.6,15.0,37.1,2.7,8.1,32.9,3.5,4.5,78.4,0.8,3.5,4.4,3.1,1.7,1.8,0.6,2.1,32.3,2,0,1.0,13,RHYNE HOWARD,ATL,24,39,18,21,32.9,17.5,5.8,15.1,38.5,2.5,7.2,35.2,3.3,4.2,78.8,0.7,4.3,4.9,3.5,1.9,1.3,0.6,2.8,32.4,2,0,-0.3,12,RHYNE HOWARD,ATL,23,34,13,21,31.3,16.2,5.4,15.0,36.1,2.5,7.3,34.3,2.9,3.7,79.2,0.8,3.7,4.5,2.8,1.6,1.6,0.8,2.6,30.8,0,0,-4.4,,,,,,,,,,,,,,,,,,,,,,,,,,,,,,,,,,,,,,,,,,,,,,,,,,,,,,,,,,,,
SHAKIRA AUSTIN,226668.0,WAS,226668.0,WAS,226668.0,WAS,,,,,,,,,,,,,,,,,,,,,,,,,,,,,,,,,,,,,,,,,,,,,,,,,,,,,,,,,,,,,,,,,,,,,,,,,,,,,,,,,,,,,,,,,,,,,,,,,,,,,,,,,,,,,,,,,,,,,,,,,,,,,,,,,,,,,,,,,,,,,,,,,,,,,,,,,,
GRACE BERGER,224026.0,IND,224026.0,IND,,,,,,,,,,,,,,,,,,,,,,,,,,,,,,,,,,,,,,,,,,,,,,,,,,,,,,,,,,,,,,,,,,,,,,,,,,,,,,,,,,,,,,,,,,,,,,,,,,,,,,,,,,,,,,,,,,,,,,,,,,,,,,,,,,,,,,,,,,,,,,,,,,,,,,,,,,,,
HALEY JONES,224026.0,ATL,224026.0,ATL,,,,,,,,,,,,,,,,,,,,,,,,,,,,,,,,,,,,,,,,,,,,,,,,,,,,,,,,,,,,,,,,,,,,,,,,,,,,,,,,,,,,,,,,,,,,,,,,,,,,,,,,,,,,,,,,,,,,,,,,,,,,,,,,,,,,,,,,,,,,,,,,,,,,,,,,,,,,
LAETICIA AMIHERE,224026.0,ATL,224026.0,ATL,,,,,,,,,,,,,,,,,,,,,,,,,,,,,,,,,,,,,,,,,,,,,,,,,,,,,,,,,,,,,,,,,,,,,,,,,,,,,,,,,,,,,,,,,,,,,,,,,,,,,,,,,,,,,,,,,,,,,,,,,,,,,,,,,,,,,,,,,,,,,,,,,,,,,,,,,,,,
LOU LOPEZ-SENECHAL,224026.0,DAL,224026.0,DAL,,,,,,,,,,,,,,,,,,,,,,,,,,,,,,,,,,,,,,,,,,,,,,,,,,,,,,,,,,,,,,,,,,,,,,,,,,,,,,,,,,,,,,,,,,,,,,,,,,,,,,,,,,,,,,,,,,,,,,,,,,,,,,,,,,,,,,,,,,,,,,,,,,,,,,,,,,,,
KAYLA THORNTON,222000.0,NY,305956.0,NY,305956.0,DAL,305956.0,DAL,262900.0,DAL,,,,,,,,,,,,,,,,,,,,,,,,,,,,,,,,,,,,,,,,,,,,,,,,,,,,,,,,,,,,,,,,,,,,,,,,,,,,,,,,,,,,,,,,,,,,,,,,,,,,,,,,,,,,,,,,,,,,,,,,,,,,,,,,,,,,,,,,,,,,,,,,,,,,,,
AARI MCDONALD,220067.0,LA,220067.0,ATL,220067.0,ATL,220067.0,ATL,,,,,,,,,,,,,,,,,,,,,,,,,,,,,,,,,,,,,,,,,,,,,,,,,,,,,,,,,,,,,,,,,,,,,,,,,,,,,,,,,,,,,,,,,,,,,,,,,,,,,,,,,,,,,,,,,,,,,,,,,,,,,,,,,,,,,,,,,,,,,,,,,,,,,,,,
AWAK KUIER,220067.0,DAL,220067.0,DAL,220067.0,DAL,220067.0,DAL,,,,,,,,,,,,,,,,,,,,,,,,,,,,,,,,,,,,,,,,,,,,,,,,,,,,,,,,,,,,,,,,,,,,,,,,,,,,,,,,,,,,,,,,,,,,,,,,,,,,,,,,,,,,,,,,,,,,,,,,,,,,,,,,,,,,,,,,,,,,,,,,,,,,,,,,
ALYSHA CLARK,220000.0,LV,220000.0,LV,366000.0,WAS,366000.0,WAS,252400.0,SEA,,,,,,,,,,,,,,,,,,,,,,,,,,,,,,,,,,,,,,,,,,,,,,,,,,,,,,,,,,,,,,,,,,,,,,,,,,,,,,,,,,,,,,,,,,,,,,,,,,,,,,,,,,,,,,,,,,,,,,,,,,,,,,,,,,,,,,,,,,,,,,,,,,,,,,
LEXIE HULL,217502.0,IND,217502.0,IND,217502.0,IND,,,,,,,,,,,,,,,,,,,,,,,,,,,,,,,,,,,,,,,,,,,,,,,,,,,,,,,,,,,,,,,,,,,,,,,,,,,,,,,,,,,,,,,,,,,,,,,,,,,,,,,,,,,,,,,,,,,,,,,,,,,,,,,,,,,,,,,,,,,,,,,,,,,,,,,,,,
JORDAN HORSTON,214588.0,SEA,214588.0,SEA,,,,,,,,,,,,,,,,,,,,,,,,,,,,,,,,,,,,,,,,,,,,,,,,,,,,,,,,,,,,,,,,,,,,,,,,,,,,,,,,,,,,,,,,,,,,,,,,,,,,,,,,,,,,,,,,,,,,,,,,,,,,,,,,,,,,,,,,,,,,,,,,,,,,,,,,,,,,
ZIA COOKE,214588.0,LA,214588.0,LA,,,,,,,,,,,,,,,,,,,,,,,,,,,,,,,,,,,,,,,,,,,,,,,,,,,,,,,,,,,,,,,,,,,,,,,,,,,,,,,,,,,,,,,,,,,,,,,,,,,,,,,,,,,,,,,,,,,,,,,,,,,,,,,,,,,,,,,,,,,,,,,,,,,,,,,,,,,,
BRIONNA JONES,212000.0,CON,208000.0,CON,240000.0,CON,240000.0,CON,,,29,BRIONNA JONES,CON,28,40,28,12,27.2,13.7,5.5,10.2,53.8,0.1,0.4,14.3,2.7,3.6,73.8,2.2,3.4,5.5,1.5,1.3,1.2,0.6,2.7,24.3,0,0,6.5,20,BRIONNA JONES,CON,28,13,10,3,31.7,15.9,6.2,10.8,57.1,0.2,0.3,50.0,3.5,4.5,77.6,3.2,5.0,8.2,2.4,2.2,1.8,0.5,4.1,31.4,4,0,5.1,22,BRIONNA JONES,CON,27,36,25,11,25.1,13.8,5.2,9.1,56.9,0.0,0.2,0.0,3.4,4.1,84.4,2.6,2.5,5.1,1.2,1.5,1.2,0.4,2.6,23.3,0,0,5.5,19,BRIONNA JONES,CON,26,32,26,6,30.6,14.7,6.1,10.6,57.1,0.0,0.1,0.0,2.6,3.2,79.6,3.2,4.2,7.3,1.8,2.2,1.4,0.5,3.0,27.6,4,0,9.2,,,,,,,,,,,,,,,,,,,,,,,,,,,,,,
MICHAELA ONYENWERE,211167.0,CHI,211167.0,PHX,211167.0,NY,211167.0,NY,,,,,,,,,,,,,,,,,,,,,,,,,,,,,,,,,,,,,,,,,,,,,,,,,,,,,,,,,,,,,,,,,,,,,,,,,,,,,,,,,,,,,,,,,,,,,,,,,,,,,,,,,,,,,,,,,,,,,,,,,,,,,,,,,,,,,,,,,,,,,,,,,,,,,,,,
KIERSTAN BELL,208338.0,LV,208338.0,LV,208338.0,LV,,,,,,,,,,,,,,,,,,,,,,,,,,,,,,,,,,,,,,,,,,,,,,,,,,,,,,,,,,,,,,,,,,,,,,,,,,,,,,,,,,,,,,,,,,,,,,,,,,,,,,,,,,,,,,,,,,,,,,,,,,,,,,,,,,,,,,,,,,,,,,,,,,,,,,,,,,
DORKA JUHASZ,205145.0,MIN,205145.0,MIN,,,,,,,,,,,,,,,,,,,,,,,,,,,,,,,,,,,,,,,,,,,,,,,,,,,,,,,,,,,,,,,,,,,,,,,,,,,,,,,,,,,,,,,,,,,,,,,,,,,,,,,,,,,,,,,,,,,,,,,,,,,,,,,,,,,,,,,,,,,,,,,,,,,,,,,,,,,,
BREANNA STEWART,205000.0,NY,175000.0,NY,228094.0,SEA,375500.0,SEA,375500.0,SEA,4,BREANNA STEWART,NYL,30,38,30,8,32.7,20.4,7.0,15.2,45.8,1.2,4.1,29.5,5.3,6.3,84.5,1.6,6.9,8.5,3.5,1.7,1.7,1.3,2.1,39.6,16,0,7.9,2,BREANNA STEWART,NYL,29,40,32,8,34.1,23.0,7.9,17.0,46.5,2.1,5.8,35.5,5.1,6.0,85.1,1.6,7.7,9.3,3.8,1.5,1.5,1.6,1.9,44.1,20,0,8.9,1,BREANNA STEWART,SEA,28,34,22,12,30.9,21.8,7.5,15.9,47.2,2.0,5.2,37.9,4.8,5.8,83.7,1.4,6.2,7.6,2.9,1.3,1.6,0.9,2.1,39.2,6,0,6.7,3,BREANNA STEWART,SEA,27,28,20,8,33.3,20.3,6.9,15.8,43.9,1.7,5.1,33.3,4.8,5.6,84.7,1.2,8.3,9.5,2.7,1.7,1.2,1.8,1.8,40.1,13,0,7.5,4,BREANNA STEWART,SEA,26,20,17,3,30.4,19.7,6.7,14.8,45.1,1.8,4.8,36.8,4.7,5.2,89.4,1.0,7.3,8.3,3.6,2.5,1.7,1.3,2.3,39.2,5,0,10.1
NNEKA OGWUMIKE,204500.0,SEA,169500.0,LA,386817.0,LA,386817.0,LA,456000.0,LA,17,NNEKA OGWUMIKE,SEA,34,37,23,14,31.8,16.7,6.8,13.3,51.1,0.8,2.0,40.5,2.3,2.6,87.6,1.9,5.7,7.6,2.3,1.3,1.9,0.5,2.3,32.2,8,0,6.0,6,NNEKA OGWUMIKE,LAS,33,36,16,20,31.1,19.1,7.3,14.3,51.2,0.6,1.7,33.9,3.9,4.5,87.0,1.7,7.1,8.8,2.7,2.2,1.7,0.7,2.6,36.0,16,0,1.0,7,NNEKA OGWUMIKE,LAS,32,34,13,21,31.4,18.1,7.3,13.5,54.4,0.6,1.7,36.8,2.8,3.4,82.6,1.4,5.2,6.6,2.0,1.8,1.7,0.4,2.4,31.5,6,0,-3.7,21,NNEKA OGWUMIKE,LAS,31,18,8,10,31.7,14.5,6.1,11.4,53.2,0.6,1.7,36.7,1.8,2.2,80.0,1.4,5.1,6.5,2.7,2.2,1.4,0.3,1.8,27.7,3,0,-3.4,30,NNEKA OGWUMIKE,LAS,30,18,14,4,26.2,13.3,5.3,9.3,56.9,0.5,1.0,50.0,2.3,2.7,83.7,1.2,3.7,4.8,1.7,1.6,1.1,0.2,2.3,22.8,0,0,3.7
KIAH STOKES,203000.0,LV,81000.0,LV,115000.0,LV,35200.0,LV,143265.0,NY,,,,,,,,,,,,,,,,,,,,,,,,,,,,,,,,,,,,,,,,,,,,,,,,,,,,,,,,,,,,,,,,,,,,,,,,,,,,,,,,,,,,,,,,,,,,,,,,,,,,,,,,,,,,,,,,,,,,,,,,,,,,,,,,,,,,,,,,,,,,,,,,,,,,,,
DEWANNA BONNER,200000.0,CON,899480.0,CON,899480.0,CON,899480.0,CON,899480.0,CON,22,DEWANNA BONNER,CON,37,40,28,12,31.8,15.0,5.3,12.8,41.5,1.5,4.9,29.4,3.0,3.6,83.2,0.6,5.4,6.0,2.0,1.4,1.2,0.7,1.8,28.1,3,0,6.1,14,DEWANNA BONNER,CON,36,40,27,13,30.1,17.4,5.8,13.7,42.5,1.9,5.7,32.9,3.9,4.5,86.2,0.9,4.7,5.6,2.2,1.5,1.1,0.6,1.6,30.4,3,0,4.7,26,DEWANNA BONNER,CON,35,33,23,10,30.0,13.5,4.7,10.8,43.9,1.4,4.2,32.9,2.6,3.2,82.7,0.8,4.0,4.7,2.8,1.6,1.2,0.3,1.8,25.5,2,0,6.1,16,DEWANNA BONNER,CON,34,32,26,6,31.9,15.2,5.0,12.6,39.5,1.4,4.3,31.7,3.9,4.3,89.2,0.7,5.8,6.4,3.4,2.2,1.3,0.7,1.6,30.3,4,0,8.7,3,DEWANNA BONNER,CON,33,22,10,12,33.3,19.7,6.7,16.0,42.2,1.2,4.9,25.2,5.0,5.6,89.5,1.5,6.3,7.8,3.0,2.4,1.7,0.5,2.1,36.2,5,0,2.8
LAYSHIA CLARENDON,200000.0,LA,74305.0,LA,,,33914.0,MIN,240000.0,NY,,,,,,,,,,,,,,,,,,,,,,,,,,,,,,,,,,,,,,,,,,,,,,,,,,,,,,,,,,,,,,,,,,,,,,,,,,,,,,,,,,,,,,,,,,,,,,,,,,,,,,,,,,,,,,,,,,,,,,,,,,,,,,,,,,,,,,,,,,,,,,,,,,,,,,
KRISTY WALLACE,199170.0,IND,199170.0,IND,199170.0,ATL,,,,,,,,,,,,,,,,,,,,,,,,,,,,,,,,,,,,,,,,,,,,,,,,,,,,,,,,,,,,,,,,,,,,,,,,,,,,,,,,,,,,,,,,,,,,,,,,,,,,,,,,,,,,,,,,,,,,,,,,,,,,,,,,,,,,,,,,,,,,,,,,,,,,,,,,,,
NAZ HILLMON,199170.0,ATL,199170.0,ATL,199170.0,ATL,,,,,,,,,,,,,,,,,,,,,,,,,,,,,,,,,,,,,,,,,,,,,,,,,,,,,,,,,,,,,,,,,,,,,,,,,,,,,,,,,,,,,,,,,,,,,,,,,,,,,,,,,,,,,,,,,,,,,,,,,,,,,,,,,,,,,,,,,,,,,,,,,,,,,,,,,,
OLIVIA NELSON-ODODA,199170.0,CON,199170.0,CON,199170.0,LA,,,,,,,,,,,,,,,,,,,,,,,,,,,,,,,,,,,,,,,,,,,,,,,,,,,,,,,,,,,,,,,,,,,,,,,,,,,,,,,,,,,,,,,,,,,,,,,,,,,,,,,,,,,,,,,,,,,,,,,,,,,,,,,,,,,,,,,,,,,,,,,,,,,,,,,,,,
TYASHA HARRIS,197113.0,CON,197113.0,CON,205016.0,DAL,205016.0,DAL,205016.0,DAL,,,,,,,,,,,,,,,,,,,,,,,,,,,,,,,,,,,,,,,,,,,,,,,,,,,,,,,,,,,,,,,,,,,,,,,,,,,,,,,,,,,,,,,,,,,,,,,,,,,,,,,,,,,,,,,,,,,,,,,,,,,,,,,,,,,,,,,,,,,,,,,,,,,,,,
DAMIRIS DANTAS,197100.0,IND,,,210000.0,MIN,210000.0,MIN,210000.0,MIN,,,,,,,,,,,,,,,,,,,,,,,,,,,,,,,,,,,,,,,,,,,,,,,,,,,,,,,,,,,,,,,,,,,,,,,,,,,,,,,,,,,,,,,,,,,,,,,,,,,,,,,,,,,,,,,,,,,,,,,,,,,,,,,,,,,,,,,,,,,,,,,,,,,,,,
SATOU SABALLY,195000.0,DAL,213597.0,DAL,213597.0,DAL,213597.0,DAL,213597.0,DAL,10,SATOU SABALLY,DAL,26,15,3,12,34.2,17.9,5.9,13.9,42.6,2.5,5.6,45.2,3.5,4.5,77.9,1.2,5.2,6.4,5.0,2.5,1.3,0.5,3.2,35.5,0,0,-3.5,9,SATOU SABALLY,DAL,26,38,21,17,33.1,18.6,6.2,14.3,43.5,1.7,4.8,36.1,4.4,5.0,87.4,2.3,5.8,8.1,4.4,2.9,1.8,0.4,3.6,37.3,14,1,4.2,,,,,,,,,,,,,,,,,,,,,,,,,,,,,,,,,,,,,,,,,,,,,,,,,,,,,,,,,,,,,27,SATOU SABALLY,DAL,23,16,5,11,28.2,13.9,4.2,11.4,36.8,0.8,4.1,19.7,4.7,5.4,87.2,2.6,5.2,7.8,2.5,2.2,0.8,0.9,3.1,28.3,5,0,-3.6
DANA EVANS,193370.0,CHI,193370.0,CHI,193370.0,CHI,193370.0,CHI,,,,,,,,,,,,,,,,,,,,,,,,,,,,,,,,,,,,,,,,,,,,,,,,,,,,,,,,,,,,,,,,,,,,,,,,,,,,,,,,,,,,,,,,,,,,,,,,,,,,,,,,,,,,,,,,,,,,,,,,,,,,,,,,,,,,,,,,,,,,,,,,,,,,,,,,
DIJONAI CARRINGTON,193370.0,CON,193370.0,CON,193370.0,CON,193370.0,CON,,,,,,,,,,,,,,,,,,,,,,,,,,,,,,,,,,,,,,,,,,,,,,,,,,,,,,,,,,,,,,,,,,,,,,,,,,,,,,,,,,,,,,,,,,,,,,,,,,,,,,,,,,,,,,,,,,,,,,,,,,,,,,,,,,,,,,,,,,,,,,,,,,,,,,,,
SHATORI WALKER-KIMBROUGH,192850.0,WAS,192850.0,WAS,72141.0,WAS,,,210623.0,PHX,,,,,,,,,,,,,,,,,,,,,,,,,,,,,,,,,,,,,,,,,,,,,,,,,,,,,,,,,,,,,,,,,,,,,,,,,,,,,,,,,,,,,,,,,,,,,,,,,,,,,,,,,,,,,,,,,,,,,,,,,,,,,,,,,,,,,,,,,,,,,,,,,,,,,,
SIKA KONÉ,192527.0,WAS,192527.0,CHI,,,,,,,,,,,,,,,,,,,,,,,,,,,,,,,,,,,,,,,,,,,,,,,,,,,,,,,,,,,,,,,,,,,,,,,,,,,,,,,,,,,,,,,,,,,,,,,,,,,,,,,,,,,,,,,,,,,,,,,,,,,,,,,,,,,,,,,,,,,,,,,,,,,,,,,,,,,,
VICTARIA SAXTON,192527.0,IND,192527.0,IND,,,,,,,,,,,,,,,,,,,,,,,,,,,,,,,,,,,,,,,,,,,,,,,,,,,,,,,,,,,,,,,,,,,,,,,,,,,,,,,,,,,,,,,,,,,,,,,,,,,,,,,,,,,,,,,,,,,,,,,,,,,,,,,,,,,,,,,,,,,,,,,,,,,,,,,,,,,,
MEGAN GUSTAFSON,190820.0,LV,74305.0,PHX,72141.0,PHX,16068.0,WAS,190500.0,DAL,,,,,,,,,,,,,,,,,,,,,,,,,,,,,,,,,,,,,,,,,,,,,,,,,,,,,,,,,,,,,,,,,,,,,,,,,,,,,,,,,,,,,,,,,,,,,,,,,,,,,,,,,,,,,,,,,,,,,,,,,,,,,,,,,,,,,,,,,,,,,,,,,,,,,,
RACHEL BANHAM,190000.0,CHI,74305.0,MIN,72141.0,MIN,31702.0,MIN,203000.0,MIN,,,,,,,,,,,,,,,,,,,,,,,,,,,,,,,,,,,,,,,,,,,,,,,,,,,,,,,,,,,,,,,,,,,,,,,,,,,,,,,,,,,,,,,,,,,,,,,,,,,,,,,,,,,,,,,,,,,,,,,,,,,,,,,,,,,,,,,,,,,,,,,,,,,,,,
LI YUERU,186920.0,LA,186920.0,CHI,186920.0,CHI,,,,,,,,,,,,,,,,,,,,,,,,,,,,,,,,,,,,,,,,,,,,,,,,,,,,,,,,,,,,,,,,,,,,,,,,,,,,,,,,,,,,,,,,,,,,,,,,,,,,,,,,,,,,,,,,,,,,,,,,,,,,,,,,,,,,,,,,,,,,,,,,,,,,,,,,,,
LINDSAY ALLEN,180000.0,CHI,74305.0,MIN,2678.0,MIN,70040.0,IND,57000.0,LV,,,,,,,,,,,,,,,,,,,,,,,,,,,,,,,,,,,,,,,,,,,,,,,,,,,,,,,,,,,,,,,,,,,,,,,,,,,,,,,,,,,,,,,,,,,,,,,,,,,,,,,,,,,,,,,,,,,,,,,,,,,,,,,,,,,,,,,,,,,,,,,,,,,,,,
ILIANA RUPERT,179452.0,ATL,179452.0,ATL,179452.0,LV,,,,,,,,,,,,,,,,,,,,,,,,,,,,,,,,,,,,,,,,,,,,,,,,,,,,,,,,,,,,,,,,,,,,,,,,,,,,,,,,,,,,,,,,,,,,,,,,,,,,,,,,,,,,,,,,,,,,,,,,,,,,,,,,,,,,,,,,,,,,,,,,,,,,,,,,,,
JULIE ALLEMAND,170000.0,LA,187819.0,CHI,187819.0,CHI,187819.0,IND,187819.0,IND,,,,,,,,,,,,,,,,,,,,,,,,,,,,,,,,,,,,,,,,,,,,,,,,,,,,,,,,,,,,,,,,,,,,,,,,,,,,,,,,,,,,,,,,,,,,,,,,,,,,,,,,,,,,,,,,,,,,,,,,,,,,,,,,,,,,,,,,,,,,,,,,,,,,,,
LEXIE BROWN,158340.0,LA,158340.0,LA,72141.0,LA,47185.0,CHI,191720.0,MIN,,,,,,,,,,,,,,,,,,,,,,,,,,,,,,,,,,,,,,,,,,,,,,,,,,,,,,,,,,,,,,,,,,,,,,,,,,,,,,,,,,,,,,,,,,,,,,,,,,,,,,,,,,,,,,,,,,,,,,,,,,,,,,,,,,,,,,,,,,,,,,,,,,,,,,
AERIAL POWERS,155000.0,ATL,588801.0,MIN,588801.0,MIN,588801.0,MIN,,,,,,,,,,,,,,,,,,,,,,,,,,,,,,,,,,,,,,,,,,,,,,,,,,,,,,,,,,,,,,,20,AERIAL POWERS,MIN,29,35,13,22,27.0,14.4,4.9,12.6,38.5,0.9,3.1,30.8,3.8,4.6,81.5,1.3,3.4,4.7,2.9,2.6,1.2,0.3,1.8,25.9,3,0,-3.7,28,AERIAL POWERS,MIN,28,14,10,4,22.1,13.4,4.4,10.2,42.7,0.8,2.5,31.4,3.9,4.3,91.7,0.9,2.7,3.6,2.1,2.9,0.4,0.4,2.1,21.4,0,0,3.4,13,AERIAL POWERS,WAS,27,6,3,3,29.8,16.3,5.3,11.5,46.4,1.5,4.3,34.6,4.2,5.0,83.3,0.3,4.5,4.8,2.5,1.8,1.5,0.0,2.7,28.2,0,0,7.2
NYARA SABALLY,152726.0,NY,152726.0,NY,,,,,,,,,,,,,,,,,,,,,,,,,,,,,,,,,,,,,,,,,,,,,,,,,,,,,,,,,,,,,,,,,,,,,,,,,,,,,,,,,,,,,,,,,,,,,,,,,,,,,,,,,,,,,,,,,,,,,,,,,,,,,,,,,,,,,,,,,,,,,,,,,,,,,,,,,,,,
BRITTNEY GRINER,150000.0,PHX,165100.0,PHX,664544.0,PHX,664544.0,PHX,664544.0,PHX,12,BRITTNEY GRINER,PHO,34,30,15,15,28.7,17.8,7.3,12.6,57.9,0.3,0.6,50.0,2.9,3.7,77.7,1.8,4.8,6.6,2.3,1.8,0.5,1.5,1.9,31.1,2,0,0.1,12,BRITTNEY GRINER,PHO,33,31,8,23,27.6,17.5,7.1,12.6,56.0,0.0,0.3,11.1,3.4,4.4,77.2,1.2,5.1,6.3,2.2,2.1,0.5,1.6,2.1,30.3,7,0,-3.9,,,,,,,,,,,,,,,,,,,,,,,,,,,,,,,2,BRITTNEY GRINER,PHO,31,30,17,13,32.8,20.5,8.3,14.4,57.5,0.1,0.3,44.4,3.8,4.5,84.6,2.4,7.1,9.5,2.7,2.2,0.4,1.9,2.4,37.4,16,0,3.3,9,BRITTNEY GRINER,PHO,30,12,6,6,31.8,17.7,7.3,14.6,49.7,0.0,0.1,0.0,3.2,3.9,80.9,1.5,6.0,7.5,3.0,2.5,0.3,1.8,2.5,32.5,1,0,2.3
TINA CHARLES,130000.0,ATL,,,34285.0,SEA,175000.0,WAS,448000.0,WAS,25,TINA CHARLES,ATL,35,39,15,24,29.7,14.9,6.2,13.7,45.6,0.3,1.1,26.2,2.2,2.7,78.5,2.5,7.1,9.6,2.3,1.6,0.9,0.5,2.5,29.9,21,1,1.0,,,,,,,,,,,,,,,,,,,,,,,,,,,,,,,17,TINA CHARLES,SEA,34,34,16,18,28.9,14.8,5.8,12.7,45.7,1.1,3.2,35.5,2.0,2.4,82.7,1.5,5.8,7.3,2.0,2.1,0.7,0.7,2.8,28.0,5,0,-0.3,1,TINA CHARLES,WAS,33,27,9,18,33.3,23.4,8.8,19.6,44.9,1.9,5.1,36.5,3.9,4.7,82.0,2.7,6.9,9.6,2.1,2.2,0.9,0.9,2.3,40.4,12,0,-2.2,,,,,,,,,,,,,,,,,,,,,,,,,,,,,,
ASTOU NDOUR,125000.0,CON,115000.0,CHI,,,70040.0,CHI,571816.0,DAL,,,,,,,,,,,,,,,,,,,,,,,,,,,,,,,,,,,,,,,,,,,,,,,,,,,,,,,,,,,,,,,,,,,,,,,,,,,,,,,,,,,,,,,,,,,,,,,,,,,,,,,,,,,,,,,,,,,,,,,,,,,,,,,,,,,,,,,,,,,,,,,,,,,,,,
DIAMOND DESHIELDS,100000.0,CHI,304500.0,DAL,304500.0,PHX,232178.0,CHI,232178.0,CHI,,,,,,,,,,,,,,,,,,,,,,,,,,,,,,,,,,,,,,,,,,,,,,,,,,,,,,,,,,,,,,,,,,,,,,,,,,,,,,,,,,,,,,,,,,,,,,,,,,,,,,,,,,,,,,,,,,,,,,,,,,,,,,,,,,,,,,,,,,,,,,,,,,,,,,
TIFFANY HAYES,88000.0,LV,162477.0,CON,215000.0,ATL,465560.0,ATL,465560.0,ATL,,,,,,,,,,,,,,,,,,,,,,,,,,,,,,,,,,,,,,,,,,,,,,,,,,,,,,,,,,,,,13,TIFFANY HAYES,ATL,33,11,4,7,27.5,16.2,6.0,11.0,54.5,1.6,3.8,42.9,2.5,3.7,68.3,0.3,3.4,3.6,2.1,2.0,0.7,0.1,3.0,25.2,0,0,-4.4,20,TIFFANY HAYES,ATL,32,21,7,14,28.3,14.7,5.0,11.4,43.8,1.6,4.0,40.5,3.0,3.6,85.3,0.7,2.5,3.2,3.0,1.5,1.6,0.2,3.1,26.0,0,0,-2.0,,,,,,,,,,,,,,,,,,,,,,,,,,,,,,
CHENNEDY CARTER,76535.0,CHI,,,213597.0,LA,213597.0,ATL,213597.0,ATL,14,CHENNEDY CARTER,CHI,25,33,13,20,26.0,17.5,7.2,14.8,48.7,0.3,0.9,29.0,2.8,3.8,73.0,0.7,2.9,3.5,3.1,1.7,1.1,0.2,3.2,26.9,0,0,0.1,,,,,,,,,,,,,,,,,,,,,,,,,,,,,,,,,,,,,,,,,,,,,,,,,,,,,,,,,,,,,24,CHENNEDY CARTER,ATL,23,11,5,6,25.5,14.2,5.5,12.0,45.5,0.1,0.8,11.1,3.2,3.6,87.5,0.5,0.8,1.3,3.3,2.1,0.7,0.4,3.0,21.0,0,0,-0.9,10,CHENNEDY CARTER,ATL,22,16,6,10,25.4,17.4,6.6,14.0,47.3,0.8,2.0,37.5,3.4,4.2,82.1,0.5,1.8,2.3,3.4,2.7,0.9,0.3,3.6,26.3,0,0,-5.3
GABBY WILLIAMS,76535.0,SEA,100000.0,SEA,144000.0,SEA,,,232178.0,CHI,,,,,,,,,,,,,,,,,,,,,,,,,,,,,,,,,,,,,,,,,,,,,,,,,,,,,,,,,,,,,,,,,,,,,,,,,,,,,,,,,,,,,,,,,,,,,,,,,,,,,,,,,,,,,,,,,,,,,,,,,,,,,,,,,,,,,,,,,,,,,,,,,,,,,,
JOYNER HOLMES,76535.0,SEA,,,14968.0,CON,,,59750.0,NY,,,,,,,,,,,,,,,,,,,,,,,,,,,,,,,,,,,,,,,,,,,,,,,,,,,,,,,,,,,,,,,,,,,,,,,,,,,,,,,,,,,,,,,,,,,,,,,,,,,,,,,,,,,,,,,,,,,,,,,,,,,,,,,,,,,,,,,,,,,,,,,,,,,,,,
KAELA DAVIS,76535.0,CHI,,,1607.0,PHX,,,57000.0,ATL,,,,,,,,,,,,,,,,,,,,,,,,,,,,,,,,,,,,,,,,,,,,,,,,,,,,,,,,,,,,,,,,,,,,,,,,,,,,,,,,,,,,,,,,,,,,,,,,,,,,,,,,,,,,,,,,,,,,,,,,,,,,,,,,,,,,,,,,,,,,,,,,,,,,,,
KENNEDY BURKE,76535.0,NY,,,,,182662.0,SEA,182662.0,IND,,,,,,,,,,,,,,,,,,,,,,,,,,,,,,,,,,,,,,,,,,,,,,,,,,,,,,,,,,,,,,,,,,,,,,,,,,,,,,,,,,,,,,,,,,,,,,,,,,,,,,,,,,,,,,,,,,,,,,,,,,,,,,,,,,,,,,,,,,,,,,,,,,,,,,
MONIQUE BILLINGS,76535.0,PHX,145000.0,ATL,140000.0,ATL,184614.0,ATL,184614.0,ATL,,,,,,,,,,,,,,,,,,,,,,,,,,,,,,,,,,,,,,,,,,,,,,,,,,,,,,,,,,,,,,,,,,,,,,,,,,,,,,,,,,,,,,,,,,,,,,,,,,,,,,,,,,,,,,,,,,,,,,,,,,,,,,,,,,,,,,,,,,,,,,,,,,,,,,
ODYSSEY SIMS,76535.0,LA,46522.0,DAL,2678.0,CON,75000.0,ATL,351000.0,MIN,,,,,,,,,,,,,,,,,,,,,,,,,,,,,,,,,,,,,,,,,,,,,,,,,,,,,,,,,,,,,,,,,,,,,,,,,,,,,,,,,,,,,,,,,,,,,,,,,,,,,,,,,,,,,,,,,,,,,,,,,,,,,,,,,,,,,,,,,,,,,,,,,,,,,,
SYDNEY COLSON,76535.0,LV,74305.0,LV,72141.0,LV,,,70000.0,CHI,,,,,,,,,,,,,,,,,,,,,,,,,,,,,,,,,,,,,,,,,,,,,,,,,,,,,,,,,,,,,,,,,,,,,,,,,,,,,,,,,,,,,,,,,,,,,,,,,,,,,,,,,,,,,,,,,,,,,,,,,,,,,,,,,,,,,,,,,,,,,,,,,,,,,,
TEMI FAGBENLE,76535.0,IND,,,,,,,,,,,,,,,,,,,,,,,,,,,,,,,,,,,,,,,,,,,,,,,,,,,,,,,,,,,,,,,,,,,,,,,,,,,,,,,,,,,,,,,,,,,,,,,,,,,,,,,,,,,,,,,,,,,,,,,,,,,,,,,,,,,,,,,,,,,,,,,,,,,,,,,,,,,,,,
VICTORIA VIVIANS,76535.0,SEA,272000.0,IND,72141.0,IND,213836.0,IND,213836.0,IND,,,,,,,,,,,,,,,,,,,,,,,,,,,,,,,,,,,,,,,,,,,,,,,,,,,,,,,,,,,,,,,,,,,,,,,,,,,,,,,,,,,,,,,,,,,,,,,,,,,,,,,,,,,,,,,,,,,,,,,,,,,,,,,,,,,,,,,,,,,,,,,,,,,,,,
CRYSTAL DANGERFIELD,76529.0,LA,160000.0,DAL,25745.0,NY,187738.0,MIN,187738.0,MIN,,,,,,,,,,,,,,,,,,,,,,,,,,,,,,,,,,,,,,,,,,,,,,,,,,,,,,,,,,,,,,,,,,,,,,,,,,,,,,,,,,,,,,,,,,,,,,,,,,,,,,,,,,,,,,,,,,,,,,,,,14,CRYSTAL DANGERFIELD,MIN,23,21,13,8,30.0,16.2,5.9,12.5,47.1,1.6,4.9,33.3,2.8,3.0,92.2,0.2,1.7,2.0,3.6,2.5,0.9,0.0,1.5,25.2,0,0,3.0
CELESTE TAYLOR,67249.0,CON,,,,,,,,,,,,,,,,,,,,,,,,,,,,,,,,,,,,,,,,,,,,,,,,,,,,,,,,,,,,,,,,,,,,,,,,,,,,,,,,,,,,,,,,,,,,,,,,,,,,,,,,,,,,,,,,,,,,,,,,,,,,,,,,,,,,,,,,,,,,,,,,,,,,,,,,,,,,,,
AMY ATWELL,64154.0,PHX,,,,,,,,,,,,,,,,,,,,,,,,,,,,,,,,,,,,,,,,,,,,,,,,,,,,,,,,,,,,,,,,,,,,,,,,,,,,,,,,,,,,,,,,,,,,,,,,,,,,,,,,,,,,,,,,,,,,,,,,,,,,,,,,,,,,,,,,,,,,,,,,,,,,,,,,,,,,,,
CAITLIN BICKLE,64154.0,CON,,,,,,,,,,,,,,,,,,,,,,,,,,,,,,,,,,,,,,,,,,,,,,,,,,,,,,,,,,,,,,,,,,,,,,,,,,,,,,,,,,,,,,,,,,,,,,,,,,,,,,,,,,,,,,,,,,,,,,,,,,,,,,,,,,,,,,,,,,,,,,,,,,,,,,,,,,,,,,
CECILIA ZANDALASINI,64154.0,MIN,,,,,,,,,,,,,,,,,,,,,,,,,,,,,,,,,,,,,,,,,,,,,,,,,,,,,,,,,,,,,,,,,,,,,,,,,,,,,,,,,,,,,,,,,,,,,,,,,,,,,,,,,,,,,,,,,,,,,,,,,,,,,,,,,,,,,,,,,,,,,,,,,,,,,,,,,,,,,,
CHARISMA OSBORNE,64154.0,PHX,,,,,,,,,,,,,,,,,,,,,,,,,,,,,,,,,,,,,,,,,,,,,,,,,,,,,,,,,,,,,,,,,,,,,,,,,,,,,,,,,,,,,,,,,,,,,,,,,,,,,,,,,,,,,,,,,,,,,,,,,,,,,,,,,,,,,,,,,,,,,,,,,,,,,,,,,,,,,,
EMILY ENGSTLER,64154.0,WAS,,,226668.0,IND,,,,,,,,,,,,,,,,,,,,,,,,,,,,,,,,,,,,,,,,,,,,,,,,,,,,,,,,,,,,,,,,,,,,,,,,,,,,,,,,,,,,,,,,,,,,,,,,,,,,,,,,,,,,,,,,,,,,,,,,,,,,,,,,,,,,,,,,,,,,,,,,,,,,,,,,,,
EZINNE KALU,64154.0,ATL,,,,,,,,,,,,,,,,,,,,,,,,,,,,,,,,,,,,,,,,,,,,,,,,,,,,,,,,,,,,,,,,,,,,,,,,,,,,,,,,,,,,,,,,,,,,,,,,,,,,,,,,,,,,,,,,,,,,,,,,,,,,,,,,,,,,,,,,,,,,,,,,,,,,,,,,,,,,,,
IVANA DOJKIC,64154.0,NY,,,,,,,,,,,,,,,,,,,,,,,,,,,,,,,,,,,,,,,,,,,,,,,,,,,,,,,,,,,,,,,,,,,,,,,,,,,,,,,,,,,,,,,,,,,,,,,,,,,,,,,,,,,,,,,,,,,,,,,,,,,,,,,,,,,,,,,,,,,,,,,,,,,,,,,,,,,,,,
JAELYN BROWN,64154.0,DAL,,,,,,,,,,,,,,,,,,,,,,,,,,,,,,,,,,,,,,,,,,,,,,,,,,,,,,,,,,,,,,,,,,,,,,,,,,,,,,,,,,,,,,,,,,,,,,,,,,,,,,,,,,,,,,,,,,,,,,,,,,,,,,,,,,,,,,,,,,,,,,,,,,,,,,,,,,,,,,
JAYLYN SHERROD,64154.0,NY,,,,,,,,,,,,,,,,,,,,,,,,,,,,,,,,,,,,,,,,,,,,,,,,,,,,,,,,,,,,,,,,,,,,,,,,,,,,,,,,,,,,,,,,,,,,,,,,,,,,,,,,,,,,,,,,,,,,,,,,,,,,,,,,,,,,,,,,,,,,,,,,,,,,,,,,,,,,,,
JULIE VANLOO,64154.0,WAS,,,,,,,,,,,,,,,,,,,,,,,,,,,,,,,,,,,,,,,,,,,,,,,,,,,,,,,,,,,,,,,,,,,,,,,,,,,,,,,,,,,,,,,,,,,,,,,,,,,,,,,,,,,,,,,,,,,,,,,,,,,,,,,,,,,,,,,,,,,,,,,,,,,,,,,,,,,,,,
LORELA CUBAJ,64154.0,ATL,,,,,,,,,,,,,,,,,,,,,,,,,,,,,,,,,,,,,,,,,,,,,,,,,,,,,,,,,,,,,,,,,,,,,,,,,,,,,,,,,,,,,,,,,,,,,,,,,,,,,,,,,,,,,,,,,,,,,,,,,,,,,,,,,,,,,,,,,,,,,,,,,,,,,,,,,,,,,,
MAYA CALDWELL,64154.0,ATL,68000.0,IND,1796.0,ATL,,,,,,,,,,,,,,,,,,,,,,,,,,,,,,,,,,,,,,,,,,,,,,,,,,,,,,,,,,,,,,,,,,,,,,,,,,,,,,,,,,,,,,,,,,,,,,,,,,,,,,,,,,,,,,,,,,,,,,,,,,,,,,,,,,,,,,,,,,,,,,,,,,,,,,,,,,
MIKIAH HERBERT HARRIGAN,64154.0,PHX,,,,,205016.0,SEA,205016.0,MIN,,,,,,,,,,,,,,,,,,,,,,,,,,,,,,,,,,,,,,,,,,,,,,,,,,,,,,,,,,,,,,,,,,,,,,,,,,,,,,,,,,,,,,,,,,,,,,,,,,,,,,,,,,,,,,,,,,,,,,,,,,,,,,,,,,,,,,,,,,,,,,,,,,,,,,
NATASHA MACK,64154.0,PHX,,,,,,,,,,,,,,,,,,,,,,,,,,,,,,,,,,,,,,,,,,,,,,,,,,,,,,,,,,,,,,,,,,,,,,,,,,,,,,,,,,,,,,,,,,,,,,,,,,,,,,,,,,,,,,,,,,,,,,,,,,,,,,,,,,,,,,,,,,,,,,,,,,,,,,,,,,,,,,
OLIVIA EPOUPA,64154.0,MIN,,,,,,,,,,,,,,,,,,,,,,,,,,,,,,,,,,,,,,,,,,,,,,,,,,,,,,,,,,,,,,,,,,,,,,,,,,,,,,,,,,,,,,,,,,,,,,,,,,,,,,,,,,,,,,,,,,,,,,,,,,,,,,,,,,,,,,,,,,,,,,,,,,,,,,,,,,,,,,
QUEEN EGBO,64154.0,LV,208338.0,WAS,208338.0,IND,,,,,,,,,,,,,,,,,,,,,,,,,,,,,,,,,,,,,,,,,,,,,,,,,,,,,,,,,,,,,,,,,,,,,,,,,,,,,,,,,,,,,,,,,,,,,,,,,,,,,,,,,,,,,,,,,,,,,,,,,,,,,,,,,,,,,,,,,,,,,,,,,,,,,,,,,,
SEVGI UZUN,64154.0,DAL,,,,,,,,,,,,,,,,,,,,,,,,,,,,,,,,,,,,,,,,,,,,,,,,,,,,,,,,,,,,,,,,,,,,,,,,,,,,,,,,,,,,,,,,,,,,,,,,,,,,,,,,,,,,,,,,,,,,,,,,,,,,,,,,,,,,,,,,,,,,,,,,,,,,,,,,,,,,,,
SUG SUTTON,64154.0,WAS,62285.0,PHX,,,,,31290.0,WAS,,,,,,,,,,,,,,,,,,,,,,,,,,,,,,,,,,,,,,,,,,,,,,,,,,,,,,,,,,,,,,,,,,,,,,,,,,,,,,,,,,,,,,,,,,,,,,,,,,,,,,,,,,,,,,,,,,,,,,,,,,,,,,,,,,,,,,,,,,,,,,,,,,,,,,
VERONICA BURTON,50180.0,CON,217502.0,DAL,217502.0,DAL,,,,,,,,,,,,,,,,,,,,,,,,,,,,,,,,,,,,,,,,,,,,,,,,,,,,,,,,,,,,,,,,,,,,,,,,,,,,,,,,,,,,,,,,,,,,,,,,,,,,,,,,,,,,,,,,,,,,,,,,,,,,,,,,,,,,,,,,,,,,,,,,,,,,,,,,,,
